effort,uuid,download_url
hubmap,d87b2121ee1a5777c29a69307f806328,https://assets.hubmapconsortium.org/d87b2121ee1a5777c29a69307f806328/expr.h5ad
hubmap,be9a0e3119ea00dc156eff7ca346f46e,https://assets.hubmapconsortium.org/be9a0e3119ea00dc156eff7ca346f46e/expr.h5ad
hubmap,8c5e705001d5cc1c40dbd963ad848486,https://assets.hubmapconsortium.org/8c5e705001d5cc1c40dbd963ad848486/expr.h5ad
hubmap,57054da2dbe87b93f1adb78444086963,https://assets.hubmapconsortium.org/57054da2dbe87b93f1adb78444086963/expr.h5ad
hubmap,17f67cb15e59f65e640d85d2f3866cde,https://assets.hubmapconsortium.org/17f67cb15e59f65e640d85d2f3866cde/expr.h5ad
hubmap,abcc3410656bc854cf5e0abdee3de738,https://assets.hubmapconsortium.org/abcc3410656bc854cf5e0abdee3de738/expr.h5ad
hubmap,b921c30d5077581c016d87d4f4c9ff19,https://assets.hubmapconsortium.org/b921c30d5077581c016d87d4f4c9ff19/expr.h5ad
hubmap,674116f3bb6c85dc933ea4ce6ffab05f,https://assets.hubmapconsortium.org/674116f3bb6c85dc933ea4ce6ffab05f/expr.h5ad
hubmap,2d0deacd8be70eefbdc33ac107d97e58,https://assets.hubmapconsortium.org/2d0deacd8be70eefbdc33ac107d97e58/expr.h5ad
hubmap,892b7cae1138be0b8181cca95b901628,https://assets.hubmapconsortium.org/892b7cae1138be0b8181cca95b901628/expr.h5ad
hubmap,0d1eb3d774a694b79e844987f771b183,https://assets.hubmapconsortium.org/0d1eb3d774a694b79e844987f771b183/expr.h5ad
hubmap,046251c94ea0e79ee935dd3de57e093c,https://assets.hubmapconsortium.org/046251c94ea0e79ee935dd3de57e093c/expr.h5ad
hubmap,a39f501df340b605a58dc492f51c05db,https://assets.hubmapconsortium.org/a39f501df340b605a58dc492f51c05db/expr.h5ad
hubmap,494be3179855c071121a9307e0e84683,https://assets.hubmapconsortium.org/494be3179855c071121a9307e0e84683/expr.h5ad
hubmap,84db9a72aba9ae0ef740192ad8747ee3,https://assets.hubmapconsortium.org/84db9a72aba9ae0ef740192ad8747ee3/expr.h5ad
hubmap,0929c9d0851b8824070013cb095c247c,https://assets.hubmapconsortium.org/0929c9d0851b8824070013cb095c247c/expr.h5ad
hubmap,78e90185d511ee0f6293e266a7354348,https://assets.hubmapconsortium.org/78e90185d511ee0f6293e266a7354348/expr.h5ad
hubmap,a39fed027b51d97f83cec90c63c44744,https://assets.hubmapconsortium.org/a39fed027b51d97f83cec90c63c44744/expr.h5ad
hubmap,4b16c24a3997ea8754921b0f1d60bc4d,https://assets.hubmapconsortium.org/4b16c24a3997ea8754921b0f1d60bc4d/expr.h5ad
hubmap,ee6e44b3e6cb77ef1806e722390a01a8,https://assets.hubmapconsortium.org/ee6e44b3e6cb77ef1806e722390a01a8/expr.h5ad
hubmap,5039cf8619f6f8b5b4a14af1037e1d1f,https://assets.hubmapconsortium.org/5039cf8619f6f8b5b4a14af1037e1d1f/expr.h5ad
hubmap,6c4582697caa32064baebc97cade18ef,https://assets.hubmapconsortium.org/6c4582697caa32064baebc97cade18ef/expr.h5ad
hubmap,b5ff6c347488c45deafeb6316dc7925b,https://assets.hubmapconsortium.org/b5ff6c347488c45deafeb6316dc7925b/expr.h5ad
hubmap,28d7789ef980031fb7278646fe43ffe1,https://assets.hubmapconsortium.org/28d7789ef980031fb7278646fe43ffe1/expr.h5ad
hubmap,8e2806ca447695e674889dba28506d38,https://assets.hubmapconsortium.org/8e2806ca447695e674889dba28506d38/expr.h5ad
hubmap,a95f2c79bb637141f7e6874eddc8e274,https://assets.hubmapconsortium.org/a95f2c79bb637141f7e6874eddc8e274/expr.h5ad
hubmap,ccf899abde825d51b03ad91028483ac1,https://assets.hubmapconsortium.org/ccf899abde825d51b03ad91028483ac1/expr.h5ad
hubmap,e3d2be85088ae5073758e6609167407a,https://assets.hubmapconsortium.org/e3d2be85088ae5073758e6609167407a/expr.h5ad
hubmap,fae9a1f2e7abefca2203765a3c7a5ba1,https://assets.hubmapconsortium.org/fae9a1f2e7abefca2203765a3c7a5ba1/expr.h5ad
hubmap,e010f7505632d7b6eeda25b349383149,https://assets.hubmapconsortium.org/e010f7505632d7b6eeda25b349383149/expr.h5ad
hubmap,2cd4eabca0b653af7f3b79534b2d641f,https://assets.hubmapconsortium.org/2cd4eabca0b653af7f3b79534b2d641f/expr.h5ad
hubmap,7c9e07c96d144536525b1f889acee14d,https://assets.hubmapconsortium.org/7c9e07c96d144536525b1f889acee14d/expr.h5ad
hubmap,a24771788dc2d572e267badeb701161d,https://assets.hubmapconsortium.org/a24771788dc2d572e267badeb701161d/expr.h5ad
hubmap,2c718a10905c5941d4cc134a7027f808,https://assets.hubmapconsortium.org/2c718a10905c5941d4cc134a7027f808/expr.h5ad
hubmap,9b03c4c79ef7bcd1e8992cd50ed3f482,https://assets.hubmapconsortium.org/9b03c4c79ef7bcd1e8992cd50ed3f482/expr.h5ad
hubmap,be103f95cc6c1a3e48f099d1bd149a49,https://assets.hubmapconsortium.org/be103f95cc6c1a3e48f099d1bd149a49/expr.h5ad
hubmap,fbb43e7c05d88c8700af94a32cb4e21d,https://assets.hubmapconsortium.org/fbb43e7c05d88c8700af94a32cb4e21d/expr.h5ad
hubmap,97c65df1d8fdc8d67c34a55e386fd430,https://assets.hubmapconsortium.org/97c65df1d8fdc8d67c34a55e386fd430/expr.h5ad
hubmap,8464b75a88e33b69027c39b0c3f43b2f,https://assets.hubmapconsortium.org/8464b75a88e33b69027c39b0c3f43b2f/expr.h5ad
hubmap,3ff97368165004ae9e3b799cef261a2a,https://assets.hubmapconsortium.org/3ff97368165004ae9e3b799cef261a2a/expr.h5ad
hubmap,8a5592389339a77ce7697f516aa721fe,https://assets.hubmapconsortium.org/8a5592389339a77ce7697f516aa721fe/expr.h5ad
hubmap,9aed52d22e30b893045fd1f79b3663fb,https://assets.hubmapconsortium.org/9aed52d22e30b893045fd1f79b3663fb/expr.h5ad
hubmap,c6c0cca1d093fcdb8d72bd18053a7940,https://assets.hubmapconsortium.org/c6c0cca1d093fcdb8d72bd18053a7940/expr.h5ad
hubmap,aaedb5272190e61bf557d3b0a1bc591f,https://assets.hubmapconsortium.org/aaedb5272190e61bf557d3b0a1bc591f/expr.h5ad
hubmap,0027cb59bcb4a34d5db83acaf934a9d9,https://assets.hubmapconsortium.org/0027cb59bcb4a34d5db83acaf934a9d9/expr.h5ad
hubmap,2dac500177620d78ca174c2c1d36a6c8,https://assets.hubmapconsortium.org/2dac500177620d78ca174c2c1d36a6c8/expr.h5ad
hubmap,707d72d89097af2ff75d127137e5547e,https://assets.hubmapconsortium.org/707d72d89097af2ff75d127137e5547e/expr.h5ad
hubmap,d8ec264c4660ef7053764f71ae1789d0,https://assets.hubmapconsortium.org/d8ec264c4660ef7053764f71ae1789d0/expr.h5ad
hubmap,f88e96675a3215474570083edad66e0c,https://assets.hubmapconsortium.org/f88e96675a3215474570083edad66e0c/expr.h5ad
hubmap,450581eb06aeeb66419b4007d5e86baa,https://assets.hubmapconsortium.org/450581eb06aeeb66419b4007d5e86baa/expr.h5ad
hubmap,81c50251d7f1aa85eeb6c03be44443a6,https://assets.hubmapconsortium.org/81c50251d7f1aa85eeb6c03be44443a6/expr.h5ad
hubmap,ac1d4544ab4886b851f74b2c21952378,https://assets.hubmapconsortium.org/ac1d4544ab4886b851f74b2c21952378/expr.h5ad
hubmap,3152ddcb811d362113ebb119602f2cd4,https://assets.hubmapconsortium.org/3152ddcb811d362113ebb119602f2cd4/expr.h5ad
hubmap,d171ff8d83f707ecca64ff159c7160a7,https://assets.hubmapconsortium.org/d171ff8d83f707ecca64ff159c7160a7/expr.h5ad
hubmap,00318be0b7cfa3c6ed7fbeab08fe700b,https://assets.hubmapconsortium.org/00318be0b7cfa3c6ed7fbeab08fe700b/expr.h5ad
hubmap,0110be17631ab95c722d476145feb00c,https://assets.hubmapconsortium.org/0110be17631ab95c722d476145feb00c/expr.h5ad
hubmap,911380980cd33eac5add7f72d86de146,https://assets.hubmapconsortium.org/911380980cd33eac5add7f72d86de146/expr.h5ad
hubmap,4c435d2297941eafda7fe30f327f88ec,https://assets.hubmapconsortium.org/4c435d2297941eafda7fe30f327f88ec/expr.h5ad
hubmap,2ee93cd3a39b317d58d3f308281a943e,https://assets.hubmapconsortium.org/2ee93cd3a39b317d58d3f308281a943e/expr.h5ad
hubmap,4b3d4efca2e64a650e943c7bf63f9830,https://assets.hubmapconsortium.org/4b3d4efca2e64a650e943c7bf63f9830/expr.h5ad
hubmap,6b5d4d3a6af69a3bb82c4768cd24396c,https://assets.hubmapconsortium.org/6b5d4d3a6af69a3bb82c4768cd24396c/expr.h5ad
hubmap,d1d10cfa18d059a96365998fe6406ca9,https://assets.hubmapconsortium.org/d1d10cfa18d059a96365998fe6406ca9/expr.h5ad
hubmap,bea165f25091d0d420bd9fe0c6211a95,https://assets.hubmapconsortium.org/bea165f25091d0d420bd9fe0c6211a95/expr.h5ad
hubmap,a48ab0bf5d8084da24859c4e64336e9c,https://assets.hubmapconsortium.org/a48ab0bf5d8084da24859c4e64336e9c/expr.h5ad
hubmap,4348d5cf6485b949381a1c3358ab3f23,https://assets.hubmapconsortium.org/4348d5cf6485b949381a1c3358ab3f23/expr.h5ad
hubmap,ec7ebe15feec075a0299979b0350dd3a,https://assets.hubmapconsortium.org/ec7ebe15feec075a0299979b0350dd3a/expr.h5ad
hubmap,7ed80889944d7b0276e84f179090d622,https://assets.hubmapconsortium.org/7ed80889944d7b0276e84f179090d622/expr.h5ad
hubmap,dc4f4778dd04263c0660addcc93b3807,https://assets.hubmapconsortium.org/dc4f4778dd04263c0660addcc93b3807/expr.h5ad
hubmap,b0f51c557f05bcff69c9eed090c93b79,https://assets.hubmapconsortium.org/b0f51c557f05bcff69c9eed090c93b79/expr.h5ad
hubmap,2d8b8b5f4cf8b1f955b1b823ae9a9441,https://assets.hubmapconsortium.org/2d8b8b5f4cf8b1f955b1b823ae9a9441/expr.h5ad
hubmap,e5f7a14d93659bd0b8dc2819ffa9bc4b,https://assets.hubmapconsortium.org/e5f7a14d93659bd0b8dc2819ffa9bc4b/expr.h5ad
hubmap,173de2e80adf6a73ac8cff5ccce20dfc,https://assets.hubmapconsortium.org/173de2e80adf6a73ac8cff5ccce20dfc/expr.h5ad
hubmap,5a5ca03fa623602d9a859224aa40ace4,https://assets.hubmapconsortium.org/5a5ca03fa623602d9a859224aa40ace4/expr.h5ad
hubmap,fcd7a8d45be34fdccb8fa400ea81a331,https://assets.hubmapconsortium.org/fcd7a8d45be34fdccb8fa400ea81a331/expr.h5ad
hubmap,f71249f6e349fb9a99a3d4f08541cab4,https://assets.hubmapconsortium.org/f71249f6e349fb9a99a3d4f08541cab4/expr.h5ad
hubmap,0b590c9e3a62178da592e85572e2f1bf,https://assets.hubmapconsortium.org/0b590c9e3a62178da592e85572e2f1bf/expr.h5ad
hubmap,10b22d398b548c141167d4d9c4cbd79e,https://assets.hubmapconsortium.org/10b22d398b548c141167d4d9c4cbd79e/expr.h5ad
hubmap,9a36e5319429ec6aca5a8a9fef401929,https://assets.hubmapconsortium.org/9a36e5319429ec6aca5a8a9fef401929/expr.h5ad
hubmap,59249f23ecdcc975c90de9a1956a5285,https://assets.hubmapconsortium.org/59249f23ecdcc975c90de9a1956a5285/expr.h5ad
hubmap,254801a318687281ba3e473569d89a45,https://assets.hubmapconsortium.org/254801a318687281ba3e473569d89a45/expr.h5ad
hubmap,72fd0d8256cd9d9e9d0c75ed7b4431cc,https://assets.hubmapconsortium.org/72fd0d8256cd9d9e9d0c75ed7b4431cc/expr.h5ad
hubmap,4a535055190943788c69d672ba1c8a71,https://assets.hubmapconsortium.org/4a535055190943788c69d672ba1c8a71/expr.h5ad
hubmap,ffade7fd19cebd25cd9a9fab2111cb09,https://assets.hubmapconsortium.org/ffade7fd19cebd25cd9a9fab2111cb09/expr.h5ad
hubmap,52ec5e111357f8fdd4ab2a3c5790cf4e,https://assets.hubmapconsortium.org/52ec5e111357f8fdd4ab2a3c5790cf4e/expr.h5ad
hubmap,aeaaa0536b87935ad50cf69f1a0c3b1a,https://assets.hubmapconsortium.org/aeaaa0536b87935ad50cf69f1a0c3b1a/expr.h5ad
hubmap,a1d17fdd270a69c813b872a927dfa5f3,https://assets.hubmapconsortium.org/a1d17fdd270a69c813b872a927dfa5f3/expr.h5ad
hubmap,9e91d1be412466551533cce5594450cb,https://assets.hubmapconsortium.org/9e91d1be412466551533cce5594450cb/expr.h5ad
hubmap,377df3da484d29fdde20ec020a76ba1b,https://assets.hubmapconsortium.org/377df3da484d29fdde20ec020a76ba1b/expr.h5ad
hubmap,b3d66a3ef05dcca3984087b155c6e915,https://assets.hubmapconsortium.org/b3d66a3ef05dcca3984087b155c6e915/expr.h5ad
hubmap,c3e09a5698adbd3308d75c91eb7ff802,https://assets.hubmapconsortium.org/c3e09a5698adbd3308d75c91eb7ff802/expr.h5ad
hubmap,2639e9e8488edddde275491cdbaae662,https://assets.hubmapconsortium.org/2639e9e8488edddde275491cdbaae662/expr.h5ad
hubmap,b2ab05f290c0740c3198f020cd70e78d,https://assets.hubmapconsortium.org/b2ab05f290c0740c3198f020cd70e78d/expr.h5ad
hubmap,2bd350c08997ecfec9c22f453cf4e6af,https://assets.hubmapconsortium.org/2bd350c08997ecfec9c22f453cf4e6af/expr.h5ad
hubmap,453b06e1f62ec3e54d8380e4e974a5a5,https://assets.hubmapconsortium.org/453b06e1f62ec3e54d8380e4e974a5a5/expr.h5ad
hubmap,293d9f9a1a076c616ed91d7251ec831c,https://assets.hubmapconsortium.org/293d9f9a1a076c616ed91d7251ec831c/expr.h5ad
hubmap,53fe8a84564b313d4e8ee90f337129dc,https://assets.hubmapconsortium.org/53fe8a84564b313d4e8ee90f337129dc/expr.h5ad
hubmap,69ede86e15f4c129ca8eff2bb9940b36,https://assets.hubmapconsortium.org/69ede86e15f4c129ca8eff2bb9940b36/expr.h5ad
hubmap,e7b70f4c1b3cb934e45fc4114a4fca28,https://assets.hubmapconsortium.org/e7b70f4c1b3cb934e45fc4114a4fca28/expr.h5ad
hubmap,781a16848177ef6567d4963a0eb9fb0a,https://assets.hubmapconsortium.org/781a16848177ef6567d4963a0eb9fb0a/expr.h5ad
hubmap,c81b0dc9d16eb825a7d6bce6e1b3678f,https://assets.hubmapconsortium.org/c81b0dc9d16eb825a7d6bce6e1b3678f/expr.h5ad
hubmap,2a4bc7e02193ed50cc8d692db06f042d,https://assets.hubmapconsortium.org/2a4bc7e02193ed50cc8d692db06f042d/expr.h5ad
hubmap,dd648e4648238b25a7d1062669ea89af,https://assets.hubmapconsortium.org/dd648e4648238b25a7d1062669ea89af/expr.h5ad
hubmap,39d51c436734e5750bf84553ef7eaf85,https://assets.hubmapconsortium.org/39d51c436734e5750bf84553ef7eaf85/expr.h5ad
hubmap,b23c6f176280ad4c9fe8f74509cb6cf6,https://assets.hubmapconsortium.org/b23c6f176280ad4c9fe8f74509cb6cf6/expr.h5ad
hubmap,29596bee3f70b2bfc89d184fe38a3daa,https://assets.hubmapconsortium.org/29596bee3f70b2bfc89d184fe38a3daa/expr.h5ad
hubmap,cd0ad2f9ed2f896e682ecacfbdac01ab,https://assets.hubmapconsortium.org/cd0ad2f9ed2f896e682ecacfbdac01ab/expr.h5ad
hubmap,6f289cf6ba3614682e8d5f6c8e93ebb1,https://assets.hubmapconsortium.org/6f289cf6ba3614682e8d5f6c8e93ebb1/expr.h5ad
hubmap,51bfd85763954248725ebf69f0dde5eb,https://assets.hubmapconsortium.org/51bfd85763954248725ebf69f0dde5eb/expr.h5ad
hubmap,277152f17b5a2f308820ab4d85c5a426,https://assets.hubmapconsortium.org/277152f17b5a2f308820ab4d85c5a426/expr.h5ad
hubmap,6e1db473492095ccc2f1393d7259b9c0,https://assets.hubmapconsortium.org/6e1db473492095ccc2f1393d7259b9c0/expr.h5ad
hubmap,dab09765ac710804749b195462381b32,https://assets.hubmapconsortium.org/dab09765ac710804749b195462381b32/expr.h5ad
hubmap,ad312fba7d484a57f4a9b0d05977b521,https://assets.hubmapconsortium.org/ad312fba7d484a57f4a9b0d05977b521/expr.h5ad
hubmap,319aafd9420a0c1c6f175d6a2ef060a9,https://assets.hubmapconsortium.org/319aafd9420a0c1c6f175d6a2ef060a9/expr.h5ad
hubmap,dbe24793ebc30c47e241150cccf4b0d1,https://assets.hubmapconsortium.org/dbe24793ebc30c47e241150cccf4b0d1/expr.h5ad
hubmap,148d6445ed0cda5cabae377829013b4c,https://assets.hubmapconsortium.org/148d6445ed0cda5cabae377829013b4c/expr.h5ad
hubmap,35234b5e3eda236bb80ef3722da366f7,https://assets.hubmapconsortium.org/35234b5e3eda236bb80ef3722da366f7/expr.h5ad
hubmap,32b783576b6c88fec03f5e5988e3effa,https://assets.hubmapconsortium.org/32b783576b6c88fec03f5e5988e3effa/expr.h5ad
hubmap,ced1599b71875ead46a41286ce67ba53,https://assets.hubmapconsortium.org/ced1599b71875ead46a41286ce67ba53/expr.h5ad
hubmap,853ab5348f619043ab2f997ac8ae14f0,https://assets.hubmapconsortium.org/853ab5348f619043ab2f997ac8ae14f0/expr.h5ad
hubmap,d0f164331f53f745cfa3e67bf3feb22d,https://assets.hubmapconsortium.org/d0f164331f53f745cfa3e67bf3feb22d/expr.h5ad
hubmap,b07a1fb96ddc2d4119e1f9a73d9c0a6a,https://assets.hubmapconsortium.org/b07a1fb96ddc2d4119e1f9a73d9c0a6a/expr.h5ad
hubmap,2eca1430db3b9a4129bff717925fe932,https://assets.hubmapconsortium.org/2eca1430db3b9a4129bff717925fe932/expr.h5ad
hubmap,2ae126ab16c264352b2d3d2607236b97,https://assets.hubmapconsortium.org/2ae126ab16c264352b2d3d2607236b97/expr.h5ad
hubmap,feea9accbe57b7a052563895ac543d91,https://assets.hubmapconsortium.org/feea9accbe57b7a052563895ac543d91/expr.h5ad
hubmap,224e01ccfc20977ee5a6a6a5b96aa7d7,https://assets.hubmapconsortium.org/224e01ccfc20977ee5a6a6a5b96aa7d7/expr.h5ad
hubmap,fd0b0c1d050010de3520492147aacef4,https://assets.hubmapconsortium.org/fd0b0c1d050010de3520492147aacef4/expr.h5ad
hubmap,8adfc58a225049fb0884a8289d560534,https://assets.hubmapconsortium.org/8adfc58a225049fb0884a8289d560534/expr.h5ad
hubmap,578f1282276ddc1cc4c4817e4950f13c,https://assets.hubmapconsortium.org/578f1282276ddc1cc4c4817e4950f13c/expr.h5ad
hubmap,d0c1bd09443c301413f44f7108d20e08,https://assets.hubmapconsortium.org/d0c1bd09443c301413f44f7108d20e08/expr.h5ad
hubmap,985b97a1645baa3d7dffd4c0e13adbb6,https://assets.hubmapconsortium.org/985b97a1645baa3d7dffd4c0e13adbb6/expr.h5ad
hubmap,0cecd7cf1da6f81d3654c1712a5d61a2,https://assets.hubmapconsortium.org/0cecd7cf1da6f81d3654c1712a5d61a2/expr.h5ad
hubmap,ccbad4ffd323265937b842ea36ada4ad,https://assets.hubmapconsortium.org/ccbad4ffd323265937b842ea36ada4ad/expr.h5ad
hubmap,5d333ab22f05d83c6a5ba4848a50b058,https://assets.hubmapconsortium.org/5d333ab22f05d83c6a5ba4848a50b058/expr.h5ad
hubmap,24f6fc63d7f0444d459de7f419701e86,https://assets.hubmapconsortium.org/24f6fc63d7f0444d459de7f419701e86/expr.h5ad
hubmap,c4e25650154392f961b667bb5e340093,https://assets.hubmapconsortium.org/c4e25650154392f961b667bb5e340093/expr.h5ad
hubmap,a6bfa5ab516fcc24137cdd3ce3971e2c,https://assets.hubmapconsortium.org/a6bfa5ab516fcc24137cdd3ce3971e2c/expr.h5ad
hubmap,ed630484e46ea49b319c0e1f92140059,https://assets.hubmapconsortium.org/ed630484e46ea49b319c0e1f92140059/expr.h5ad
hubmap,2d2356cf5b4eb114d958c31346c3dd2f,https://assets.hubmapconsortium.org/2d2356cf5b4eb114d958c31346c3dd2f/expr.h5ad
hubmap,71477f504b0069828a368009fa3ab1ad,https://assets.hubmapconsortium.org/71477f504b0069828a368009fa3ab1ad/expr.h5ad
hubmap,5e2aaccdea5c209e217888f2c20ea64b,https://assets.hubmapconsortium.org/5e2aaccdea5c209e217888f2c20ea64b/expr.h5ad
hubmap,898138b7f45a67c574e9955fb400e9be,https://assets.hubmapconsortium.org/898138b7f45a67c574e9955fb400e9be/expr.h5ad
hubmap,b95f34761c252ebbd1e482cd9afae73f,https://assets.hubmapconsortium.org/b95f34761c252ebbd1e482cd9afae73f/expr.h5ad
hubmap,1c83804c68ca82e1b49ca356e528c342,https://assets.hubmapconsortium.org/1c83804c68ca82e1b49ca356e528c342/expr.h5ad
hubmap,9a7e6be288b27ddbd3366c4ae41bbcd2,https://assets.hubmapconsortium.org/9a7e6be288b27ddbd3366c4ae41bbcd2/expr.h5ad
hubmap,a44f5dbe2472dac447b0f91a24da8b30,https://assets.hubmapconsortium.org/a44f5dbe2472dac447b0f91a24da8b30/expr.h5ad
hubmap,efd2d244689eebe8f6bb6316a505f8d6,https://assets.hubmapconsortium.org/efd2d244689eebe8f6bb6316a505f8d6/expr.h5ad
hubmap,1ea6c0ac5ba60fe35bf63af8699b6fbe,https://assets.hubmapconsortium.org/1ea6c0ac5ba60fe35bf63af8699b6fbe/expr.h5ad
hubmap,8ccdee5587a477c482be2e6e19dddf7a,https://assets.hubmapconsortium.org/8ccdee5587a477c482be2e6e19dddf7a/expr.h5ad
hubmap,aa93e53df10842c13348a334c8fe423f,https://assets.hubmapconsortium.org/aa93e53df10842c13348a334c8fe423f/expr.h5ad
hubmap,8c1ad4c380ae5477d0b7875fa47e867e,https://assets.hubmapconsortium.org/8c1ad4c380ae5477d0b7875fa47e867e/expr.h5ad
hubmap,3e1d2641c370e6d6c47ff51d34fe5a58,https://assets.hubmapconsortium.org/3e1d2641c370e6d6c47ff51d34fe5a58/expr.h5ad
hubmap,1c7aed43c995b32eb9b7233dce635529,https://assets.hubmapconsortium.org/1c7aed43c995b32eb9b7233dce635529/expr.h5ad
hubmap,d6e6c8e452ed628425e9e928306a6db0,https://assets.hubmapconsortium.org/d6e6c8e452ed628425e9e928306a6db0/expr.h5ad
hubmap,44ff4f1175237cdf8b801ffbdc220df7,https://assets.hubmapconsortium.org/44ff4f1175237cdf8b801ffbdc220df7/expr.h5ad
hubmap,1dc16eb0270ff73291dd45b6a96aa3c0,https://assets.hubmapconsortium.org/1dc16eb0270ff73291dd45b6a96aa3c0/expr.h5ad
hubmap,87e85403e3f7a946fc40bdcf5cba8360,https://assets.hubmapconsortium.org/87e85403e3f7a946fc40bdcf5cba8360/expr.h5ad
hubmap,af5741dad7aecf7960a129c3d2ae642a,https://assets.hubmapconsortium.org/af5741dad7aecf7960a129c3d2ae642a/expr.h5ad
hubmap,9543f0b5e921d865e57a9fe3e4e62f4e,https://assets.hubmapconsortium.org/9543f0b5e921d865e57a9fe3e4e62f4e/expr.h5ad
hubmap,6cd63d0ee2c67c3be41e4be1522d9c07,https://assets.hubmapconsortium.org/6cd63d0ee2c67c3be41e4be1522d9c07/expr.h5ad
hubmap,c05a38c5210b870281b5aea01e290339,https://assets.hubmapconsortium.org/c05a38c5210b870281b5aea01e290339/expr.h5ad
hubmap,19304b10d9e1f17af19cccb2feb014a5,https://assets.hubmapconsortium.org/19304b10d9e1f17af19cccb2feb014a5/expr.h5ad
hubmap,0b6f63f2bd61a8c091fc7afc0f318ad1,https://assets.hubmapconsortium.org/0b6f63f2bd61a8c091fc7afc0f318ad1/expr.h5ad
hubmap,79bf632f74be9a08676131877d919127,https://assets.hubmapconsortium.org/79bf632f74be9a08676131877d919127/expr.h5ad
hubmap,a6754f9a28ae2a255d4dd27e377dc941,https://assets.hubmapconsortium.org/a6754f9a28ae2a255d4dd27e377dc941/expr.h5ad
hubmap,1197c73d127193dd493ff542890a3d3d,https://assets.hubmapconsortium.org/1197c73d127193dd493ff542890a3d3d/expr.h5ad
hubmap,6f1b0a72a5e10af1474cec9a8804b8f5,https://assets.hubmapconsortium.org/6f1b0a72a5e10af1474cec9a8804b8f5/expr.h5ad
hubmap,f6eb890063d13698feb11d39fa61e45a,https://assets.hubmapconsortium.org/f6eb890063d13698feb11d39fa61e45a/expr.h5ad
hubmap,d68e7b99290b6b7cca686b54955a2c22,https://assets.hubmapconsortium.org/d68e7b99290b6b7cca686b54955a2c22/expr.h5ad
hubmap,f3256b912f001d1b58877100b96e38a2,https://assets.hubmapconsortium.org/f3256b912f001d1b58877100b96e38a2/expr.h5ad
hubmap,9308dab31ff0b18325f79a671cd6d833,https://assets.hubmapconsortium.org/9308dab31ff0b18325f79a671cd6d833/expr.h5ad
hubmap,ae69348842e9e11be18cb3af99db834e,https://assets.hubmapconsortium.org/ae69348842e9e11be18cb3af99db834e/expr.h5ad
hubmap,8ae1c6747fb4f469edd91f1f23f65d24,https://assets.hubmapconsortium.org/8ae1c6747fb4f469edd91f1f23f65d24/expr.h5ad
hubmap,7c8c57d0d7f39d680f30587cc2c91c64,https://assets.hubmapconsortium.org/7c8c57d0d7f39d680f30587cc2c91c64/expr.h5ad
hubmap,fe0ded5fc0355c95239f9c040dd31e99,https://assets.hubmapconsortium.org/fe0ded5fc0355c95239f9c040dd31e99/expr.h5ad
hubmap,ea4cfecb8495b36694d9a951510dc3c6,https://assets.hubmapconsortium.org/ea4cfecb8495b36694d9a951510dc3c6/expr.h5ad
hubmap,56742ee7dcbe8b03d964f519009db12d,https://assets.hubmapconsortium.org/56742ee7dcbe8b03d964f519009db12d/expr.h5ad
hubmap,5f4e84e77fd0e4dec0c4d1cab468de15,https://assets.hubmapconsortium.org/5f4e84e77fd0e4dec0c4d1cab468de15/expr.h5ad
hubmap,7646a8a89555a123a56446b66c183d58,https://assets.hubmapconsortium.org/7646a8a89555a123a56446b66c183d58/expr.h5ad
hubmap,91822c7d75c54ce838bcd4d77f076b25,https://assets.hubmapconsortium.org/91822c7d75c54ce838bcd4d77f076b25/expr.h5ad
hubmap,3372835345cf683e1fd9e42f5dc609af,https://assets.hubmapconsortium.org/3372835345cf683e1fd9e42f5dc609af/expr.h5ad
hubmap,0b528e5d674fadada32215c364f6fcaa,https://assets.hubmapconsortium.org/0b528e5d674fadada32215c364f6fcaa/expr.h5ad
hubmap,149e1be22a4961f9c6240480710836a3,https://assets.hubmapconsortium.org/149e1be22a4961f9c6240480710836a3/expr.h5ad
hubmap,4fd71a24a7a81141700b26e9a9890172,https://assets.hubmapconsortium.org/4fd71a24a7a81141700b26e9a9890172/expr.h5ad
hubmap,17c31b8cecd9768887c4d2f160e3db4b,https://assets.hubmapconsortium.org/17c31b8cecd9768887c4d2f160e3db4b/expr.h5ad
hubmap,55452bd302046918eaeeffa62c5b5f03,https://assets.hubmapconsortium.org/55452bd302046918eaeeffa62c5b5f03/expr.h5ad
hubmap,dc535e26fd17b8286a57d6dcd734c648,https://assets.hubmapconsortium.org/dc535e26fd17b8286a57d6dcd734c648/expr.h5ad
hubmap,79f8c7ec1b200dfe5b46d0bcfec02bd7,https://assets.hubmapconsortium.org/79f8c7ec1b200dfe5b46d0bcfec02bd7/expr.h5ad
hubmap,2638ed2b83e619710497ca2410dc1da1,https://assets.hubmapconsortium.org/2638ed2b83e619710497ca2410dc1da1/expr.h5ad
hubmap,b42b51bc9980a2f5db0003b77d7f81dd,https://assets.hubmapconsortium.org/b42b51bc9980a2f5db0003b77d7f81dd/expr.h5ad
hubmap,9b99c75de2347b9567e33065108488e8,https://assets.hubmapconsortium.org/9b99c75de2347b9567e33065108488e8/expr.h5ad
hubmap,e5ef1dbf1f7e372454526ee7d8f657f7,https://assets.hubmapconsortium.org/e5ef1dbf1f7e372454526ee7d8f657f7/expr.h5ad
hubmap,ad693f99fb9006e68a53e97598da1509,https://assets.hubmapconsortium.org/ad693f99fb9006e68a53e97598da1509/expr.h5ad
hubmap,c3fc521953367daa816487df05a58ec8,https://assets.hubmapconsortium.org/c3fc521953367daa816487df05a58ec8/expr.h5ad
hubmap,5da5fe10b085a2dbd208211486d35b1a,https://assets.hubmapconsortium.org/5da5fe10b085a2dbd208211486d35b1a/expr.h5ad
hubmap,5a6470730104461ebb4358a11f70bd56,https://assets.hubmapconsortium.org/5a6470730104461ebb4358a11f70bd56/expr.h5ad
hubmap,7edbff53248f2a2c8e74f5f955681734,https://assets.hubmapconsortium.org/7edbff53248f2a2c8e74f5f955681734/expr.h5ad
hubmap,b340bb5715f967aa74d1b8eaeec0d475,https://assets.hubmapconsortium.org/b340bb5715f967aa74d1b8eaeec0d475/expr.h5ad
hubmap,c1a0c043d0a986d71552091cc1b09742,https://assets.hubmapconsortium.org/c1a0c043d0a986d71552091cc1b09742/expr.h5ad
hubmap,67d7b5a3fb4f64a1f714d4369fdedc16,https://assets.hubmapconsortium.org/67d7b5a3fb4f64a1f714d4369fdedc16/expr.h5ad
hubmap,91cfb45f5d398e950ed65786c87f4372,https://assets.hubmapconsortium.org/91cfb45f5d398e950ed65786c87f4372/expr.h5ad
hubmap,f4b3c0e24e09e1e8c16f2e4e190a8cbb,https://assets.hubmapconsortium.org/f4b3c0e24e09e1e8c16f2e4e190a8cbb/expr.h5ad
hubmap,de78115cc476af9422f916ddfbccbfb6,https://assets.hubmapconsortium.org/de78115cc476af9422f916ddfbccbfb6/expr.h5ad
hubmap,f220c9e7bcaea3a87162cbe61287ea4d,https://assets.hubmapconsortium.org/f220c9e7bcaea3a87162cbe61287ea4d/expr.h5ad
hubmap,edfca1e982b712389bcc67d40d148a53,https://assets.hubmapconsortium.org/edfca1e982b712389bcc67d40d148a53/expr.h5ad
hubmap,6671baa5efcc2e1c279f6a0f69102226,https://assets.hubmapconsortium.org/6671baa5efcc2e1c279f6a0f69102226/expr.h5ad
hubmap,f85a3bfcde06f603102506c851dd76a0,https://assets.hubmapconsortium.org/f85a3bfcde06f603102506c851dd76a0/expr.h5ad
hubmap,15882fef75843d5cef518853a0e8246d,https://assets.hubmapconsortium.org/15882fef75843d5cef518853a0e8246d/expr.h5ad
hubmap,fd57a928d9f3cee7e95d284f1d5b9935,https://assets.hubmapconsortium.org/fd57a928d9f3cee7e95d284f1d5b9935/expr.h5ad
hubmap,eb29cfb99cac4e4ecae6d897ba9bbe68,https://assets.hubmapconsortium.org/eb29cfb99cac4e4ecae6d897ba9bbe68/expr.h5ad
hubmap,007f3dfaaa287d5c7c227651f61a9c5b,https://assets.hubmapconsortium.org/007f3dfaaa287d5c7c227651f61a9c5b/expr.h5ad
hubmap,171bd6114652ce2a1ff0e4757b5eaef9,https://assets.hubmapconsortium.org/171bd6114652ce2a1ff0e4757b5eaef9/expr.h5ad
hubmap,9fe24e50c8b8b77d86900ee4beecef69,https://assets.hubmapconsortium.org/9fe24e50c8b8b77d86900ee4beecef69/expr.h5ad
hubmap,0f35f3bd23a8f773c7213d558338e74d,https://assets.hubmapconsortium.org/0f35f3bd23a8f773c7213d558338e74d/expr.h5ad
hubmap,9458b342e7a9bad77887b60ca42b6a26,https://assets.hubmapconsortium.org/9458b342e7a9bad77887b60ca42b6a26/expr.h5ad
hubmap,12de9dcdb62640f1687b832f69648a55,https://assets.hubmapconsortium.org/12de9dcdb62640f1687b832f69648a55/expr.h5ad
hubmap,3febd011f193673c6f87a60718dd8f96,https://assets.hubmapconsortium.org/3febd011f193673c6f87a60718dd8f96/expr.h5ad
hubmap,c7beda8afe491243d634e3fd0531489b,https://assets.hubmapconsortium.org/c7beda8afe491243d634e3fd0531489b/expr.h5ad
hubmap,fdfa344add5dcf9e8e0f6572efbf9312,https://assets.hubmapconsortium.org/fdfa344add5dcf9e8e0f6572efbf9312/expr.h5ad
hubmap,d482512016a61ef479960e2cb58552f2,https://assets.hubmapconsortium.org/d482512016a61ef479960e2cb58552f2/expr.h5ad
hubmap,2c84a86ab51ec3a1168d8ba573d32c0a,https://assets.hubmapconsortium.org/2c84a86ab51ec3a1168d8ba573d32c0a/expr.h5ad
hubmap,35f5b75a7e3d0711f16b0a10219586fb,https://assets.hubmapconsortium.org/35f5b75a7e3d0711f16b0a10219586fb/expr.h5ad
hubmap,c14b104f9e44511ddf82697bce0d1901,https://assets.hubmapconsortium.org/c14b104f9e44511ddf82697bce0d1901/expr.h5ad
hubmap,634511b7c63c16cfb51dc867c65cfc91,https://assets.hubmapconsortium.org/634511b7c63c16cfb51dc867c65cfc91/expr.h5ad
hubmap,e81c9c9753998b2ca69e8bceadf2409d,https://assets.hubmapconsortium.org/e81c9c9753998b2ca69e8bceadf2409d/expr.h5ad
hubmap,3bb5f743b039cb620d7ef234e0876f7a,https://assets.hubmapconsortium.org/3bb5f743b039cb620d7ef234e0876f7a/expr.h5ad
hubmap,b99fc30c4195958fbef217fa9ed9ec8f,https://assets.hubmapconsortium.org/b99fc30c4195958fbef217fa9ed9ec8f/expr.h5ad
hubmap,032d7b6b0b4c3c66772c7dbee2fe9606,https://assets.hubmapconsortium.org/032d7b6b0b4c3c66772c7dbee2fe9606/expr.h5ad
hubmap,206d669d243f6dab04cc126a52cdab8d,https://assets.hubmapconsortium.org/206d669d243f6dab04cc126a52cdab8d/expr.h5ad
hubmap,f7a8e78dea9cf70735059e8b4a179701,https://assets.hubmapconsortium.org/f7a8e78dea9cf70735059e8b4a179701/expr.h5ad
hubmap,b05c21f9c94ce1a22a9694cd0fe0291e,https://assets.hubmapconsortium.org/b05c21f9c94ce1a22a9694cd0fe0291e/expr.h5ad
hubmap,29a538c3ddb396dee26188ae1151da46,https://assets.hubmapconsortium.org/29a538c3ddb396dee26188ae1151da46/expr.h5ad
hubmap,615462a0e4aa133d8b19644c404e3eeb,https://assets.hubmapconsortium.org/615462a0e4aa133d8b19644c404e3eeb/expr.h5ad
hubmap,51bc718e411810044e4258dae80ff044,https://assets.hubmapconsortium.org/51bc718e411810044e4258dae80ff044/expr.h5ad
hubmap,0a0eb095c8e7f7c890da20184d7527cb,https://assets.hubmapconsortium.org/0a0eb095c8e7f7c890da20184d7527cb/expr.h5ad
hubmap,42ab155ddff1d33fe1c505c067828614,https://assets.hubmapconsortium.org/42ab155ddff1d33fe1c505c067828614/expr.h5ad
hubmap,524dc341a03c155b6f4140e9d72f9b1d,https://assets.hubmapconsortium.org/524dc341a03c155b6f4140e9d72f9b1d/expr.h5ad
hubmap,b9d147f16f00356dc5c5d674cee7e552,https://assets.hubmapconsortium.org/b9d147f16f00356dc5c5d674cee7e552/expr.h5ad
hubmap,704d16116f29994ab0e714f4afdb5516,https://assets.hubmapconsortium.org/704d16116f29994ab0e714f4afdb5516/expr.h5ad
hubmap,eb961e5dc50239d35f5398903c64e2b9,https://assets.hubmapconsortium.org/eb961e5dc50239d35f5398903c64e2b9/expr.h5ad
hubmap,367fee3b40cba682063289505b922be1,https://assets.hubmapconsortium.org/367fee3b40cba682063289505b922be1/expr.h5ad
hubmap,d88c483eea56204fd3282c5f62f31f0d,https://assets.hubmapconsortium.org/d88c483eea56204fd3282c5f62f31f0d/expr.h5ad
hubmap,e375a44f5cf5457c8f9b1132574c2436,https://assets.hubmapconsortium.org/e375a44f5cf5457c8f9b1132574c2436/expr.h5ad
hubmap,2a590db3d7ab1e1512816b165d95cdcf,https://assets.hubmapconsortium.org/2a590db3d7ab1e1512816b165d95cdcf/expr.h5ad
hubmap,b6b6cb64d837a70aacd0275175d1c4e0,https://assets.hubmapconsortium.org/b6b6cb64d837a70aacd0275175d1c4e0/expr.h5ad
hubmap,f2647d9533956fdb12da6b1fc6254441,https://assets.hubmapconsortium.org/f2647d9533956fdb12da6b1fc6254441/expr.h5ad
hubmap,0430a44e418219aafce608f4286b2a9b,https://assets.hubmapconsortium.org/0430a44e418219aafce608f4286b2a9b/expr.h5ad
hubmap,8df15cb20f5e127d102a73d0ec5682a0,https://assets.hubmapconsortium.org/8df15cb20f5e127d102a73d0ec5682a0/expr.h5ad
hubmap,21043afd6be7ec258f8a9fa1577c41b5,https://assets.hubmapconsortium.org/21043afd6be7ec258f8a9fa1577c41b5/expr.h5ad
hubmap,33c0ce043ae331ea23fc80023428e534,https://assets.hubmapconsortium.org/33c0ce043ae331ea23fc80023428e534/expr.h5ad
hubmap,8306f9bdef96312bd36c18b45bd8e141,https://assets.hubmapconsortium.org/8306f9bdef96312bd36c18b45bd8e141/expr.h5ad
hubmap,6efd19dc32f820a0e6be6a34973359b6,https://assets.hubmapconsortium.org/6efd19dc32f820a0e6be6a34973359b6/expr.h5ad
hubmap,8fd6bb5cd1a69fc699342eb118565734,https://assets.hubmapconsortium.org/8fd6bb5cd1a69fc699342eb118565734/expr.h5ad
hubmap,2553283ad2c4dfe0033ba752fe204551,https://assets.hubmapconsortium.org/2553283ad2c4dfe0033ba752fe204551/expr.h5ad
hubmap,4b62d9d2c248323ce029859f953fdc57,https://assets.hubmapconsortium.org/4b62d9d2c248323ce029859f953fdc57/expr.h5ad
hubmap,43b15fb53db3518a5b1b0dcd4a63ddda,https://assets.hubmapconsortium.org/43b15fb53db3518a5b1b0dcd4a63ddda/expr.h5ad
hubmap,63349325056ccff582f1d095055c7e12,https://assets.hubmapconsortium.org/63349325056ccff582f1d095055c7e12/expr.h5ad
hubmap,37988db44acc8d0780e4e31cd057e789,https://assets.hubmapconsortium.org/37988db44acc8d0780e4e31cd057e789/expr.h5ad
hubmap,44830922b634a9ecd4812b4f27ad4923,https://assets.hubmapconsortium.org/44830922b634a9ecd4812b4f27ad4923/expr.h5ad
hubmap,69d175d24b6b3997cc99fa6531a5fbce,https://assets.hubmapconsortium.org/69d175d24b6b3997cc99fa6531a5fbce/expr.h5ad
hubmap,74e09cbb91aba06b48429651cb388940,https://assets.hubmapconsortium.org/74e09cbb91aba06b48429651cb388940/expr.h5ad
hubmap,17fb6d5db17936acc8fb613ce98ab808,https://assets.hubmapconsortium.org/17fb6d5db17936acc8fb613ce98ab808/expr.h5ad
hubmap,0804a7a9e430e6adfbc56f339d787211,https://assets.hubmapconsortium.org/0804a7a9e430e6adfbc56f339d787211/expr.h5ad
hubmap,aece0d5303d9ce959cdab34a9e9f3003,https://assets.hubmapconsortium.org/aece0d5303d9ce959cdab34a9e9f3003/expr.h5ad
hubmap,f9a69b08e15c0ec10a9224ac104937e8,https://assets.hubmapconsortium.org/f9a69b08e15c0ec10a9224ac104937e8/expr.h5ad
hubmap,35e9bf0f58152ceb6f4d01052ac8867d,https://assets.hubmapconsortium.org/35e9bf0f58152ceb6f4d01052ac8867d/expr.h5ad
hubmap,1b5c7d45cb0e475b73f9280d092d34a5,https://assets.hubmapconsortium.org/1b5c7d45cb0e475b73f9280d092d34a5/expr.h5ad
hubmap,811e4fd5a09896edcb70814a582e85e4,https://assets.hubmapconsortium.org/811e4fd5a09896edcb70814a582e85e4/expr.h5ad
hubmap,d9780d3f4eb9edfe275abaa32ff8633b,https://assets.hubmapconsortium.org/d9780d3f4eb9edfe275abaa32ff8633b/expr.h5ad
hubmap,739184f7ec84d93a35360cde81cc026c,https://assets.hubmapconsortium.org/739184f7ec84d93a35360cde81cc026c/expr.h5ad
hubmap,7f1e932a91a86ef58ed61ee19c175c18,https://assets.hubmapconsortium.org/7f1e932a91a86ef58ed61ee19c175c18/expr.h5ad
hubmap,71719ade6924098f772d4063541a50f3,https://assets.hubmapconsortium.org/71719ade6924098f772d4063541a50f3/expr.h5ad
hubmap,dd7ccbc306692fc5ff5e61c22845da21,https://assets.hubmapconsortium.org/dd7ccbc306692fc5ff5e61c22845da21/expr.h5ad
hubmap,4734034ae3026f586bab5269085ba0e6,https://assets.hubmapconsortium.org/4734034ae3026f586bab5269085ba0e6/expr.h5ad
hubmap,58167d0f778284d5b95af782bd8132da,https://assets.hubmapconsortium.org/58167d0f778284d5b95af782bd8132da/expr.h5ad
hubmap,bc26df5c01b624841a51e60cd8229c51,https://assets.hubmapconsortium.org/bc26df5c01b624841a51e60cd8229c51/expr.h5ad
hubmap,ba3081716f3fa98a1670b0864c5115ff,https://assets.hubmapconsortium.org/ba3081716f3fa98a1670b0864c5115ff/expr.h5ad
hubmap,0b0ef5c2b8786644f0b6bdef1c1d7a4f,https://assets.hubmapconsortium.org/0b0ef5c2b8786644f0b6bdef1c1d7a4f/expr.h5ad
hubmap,018a905cdbdff684760859f594d3fd77,https://assets.hubmapconsortium.org/018a905cdbdff684760859f594d3fd77/expr.h5ad
hubmap,9457860c1b69f7ec3e51a6b648eabf13,https://assets.hubmapconsortium.org/9457860c1b69f7ec3e51a6b648eabf13/expr.h5ad
hubmap,baf7cfd920bea2bbc0b6cd7d00ec1789,https://assets.hubmapconsortium.org/baf7cfd920bea2bbc0b6cd7d00ec1789/expr.h5ad
hubmap,7d70a4deb9e2f0592f0c56e20ca91169,https://assets.hubmapconsortium.org/7d70a4deb9e2f0592f0c56e20ca91169/expr.h5ad
hubmap,ec9405ca3fa9c22273927f0d57c8cc97,https://assets.hubmapconsortium.org/ec9405ca3fa9c22273927f0d57c8cc97/expr.h5ad
hubmap,85fa094cbdb29173e0a3463dce0790fc,https://assets.hubmapconsortium.org/85fa094cbdb29173e0a3463dce0790fc/expr.h5ad
hubmap,3e6bdf82a2c9fb71ee98dff673b505af,https://assets.hubmapconsortium.org/3e6bdf82a2c9fb71ee98dff673b505af/expr.h5ad
hubmap,e65175561b4b17da5352e3837aa0e497,https://assets.hubmapconsortium.org/e65175561b4b17da5352e3837aa0e497/expr.h5ad
hubmap,cdf9127efdfc96189845c35244d4d8ab,https://assets.hubmapconsortium.org/cdf9127efdfc96189845c35244d4d8ab/expr.h5ad
hubmap,37ccf28cb5c06e8ba076f587ee4e50be,https://assets.hubmapconsortium.org/37ccf28cb5c06e8ba076f587ee4e50be/expr.h5ad
hubmap,4369a119a9c06ea304003a5c3cb3a2e0,https://assets.hubmapconsortium.org/4369a119a9c06ea304003a5c3cb3a2e0/expr.h5ad
hubmap,a69367866979f878635b2b665a6a7e0c,https://assets.hubmapconsortium.org/a69367866979f878635b2b665a6a7e0c/expr.h5ad
hubmap,6d0f1254dec32a06e210b9e22367bd43,https://assets.hubmapconsortium.org/6d0f1254dec32a06e210b9e22367bd43/expr.h5ad
hubmap,dd3e6da115fd13eee62d9a4fba2324ae,https://assets.hubmapconsortium.org/dd3e6da115fd13eee62d9a4fba2324ae/expr.h5ad
hubmap,e901621d0400c18d3d69decd46a82c84,https://assets.hubmapconsortium.org/e901621d0400c18d3d69decd46a82c84/expr.h5ad
hubmap,434fbc55d458dc4e06da9ba4961f3840,https://assets.hubmapconsortium.org/434fbc55d458dc4e06da9ba4961f3840/expr.h5ad
hubmap,26e1f2991c6f67fa10e9670f1bc0da6a,https://assets.hubmapconsortium.org/26e1f2991c6f67fa10e9670f1bc0da6a/expr.h5ad
hubmap,174c43df28ab2ab737471d00a65d7730,https://assets.hubmapconsortium.org/174c43df28ab2ab737471d00a65d7730/expr.h5ad
hubmap,e7bdf34c4da9f1d880f2615226e9713d,https://assets.hubmapconsortium.org/e7bdf34c4da9f1d880f2615226e9713d/expr.h5ad
hubmap,a5729f859fc944c76f77fc74a1710e3b,https://assets.hubmapconsortium.org/a5729f859fc944c76f77fc74a1710e3b/expr.h5ad
hubmap,bf1896efe41bb1b17eee3bd77072454d,https://assets.hubmapconsortium.org/bf1896efe41bb1b17eee3bd77072454d/expr.h5ad
hubmap,f9848244883f6c70972acef16680431a,https://assets.hubmapconsortium.org/f9848244883f6c70972acef16680431a/expr.h5ad
hubmap,5ee240959c96b49d960702755478b9fc,https://assets.hubmapconsortium.org/5ee240959c96b49d960702755478b9fc/expr.h5ad
hubmap,4993c999ed4f821f434401ec29f05e39,https://assets.hubmapconsortium.org/4993c999ed4f821f434401ec29f05e39/expr.h5ad
hubmap,f412e76986c1012ea9589d545ed8f043,https://assets.hubmapconsortium.org/f412e76986c1012ea9589d545ed8f043/expr.h5ad
hubmap,5137facf6f24b87d325b886ec8e5fb1f,https://assets.hubmapconsortium.org/5137facf6f24b87d325b886ec8e5fb1f/expr.h5ad
hubmap,d67c61063b82f6479e93133bdd8949fb,https://assets.hubmapconsortium.org/d67c61063b82f6479e93133bdd8949fb/expr.h5ad
hubmap,3d0bf870aaa607cd0bd0146a461ea0ac,https://assets.hubmapconsortium.org/3d0bf870aaa607cd0bd0146a461ea0ac/expr.h5ad
hubmap,069a6930776ca28f8e10c3781aa13b56,https://assets.hubmapconsortium.org/069a6930776ca28f8e10c3781aa13b56/expr.h5ad
hubmap,bbcad31a55b1710dd5f889be8f63b62b,https://assets.hubmapconsortium.org/bbcad31a55b1710dd5f889be8f63b62b/expr.h5ad
hubmap,d1e9f509063984326570cf603c5654f2,https://assets.hubmapconsortium.org/d1e9f509063984326570cf603c5654f2/expr.h5ad
hubmap,27db7c3986c56c8ce03e71779e7ce698,https://assets.hubmapconsortium.org/27db7c3986c56c8ce03e71779e7ce698/expr.h5ad
hubmap,0db9481caed92aec4cddc606108692d5,https://assets.hubmapconsortium.org/0db9481caed92aec4cddc606108692d5/expr.h5ad
hubmap,8cdb42ed1194255c74c8462b99bbd7ef,https://assets.hubmapconsortium.org/8cdb42ed1194255c74c8462b99bbd7ef/expr.h5ad
hubmap,fee4cf0e7da557d3ef5c535b5417ed7a,https://assets.hubmapconsortium.org/fee4cf0e7da557d3ef5c535b5417ed7a/expr.h5ad
hubmap,c616de3ce57804ede2dd519a1c8addf2,https://assets.hubmapconsortium.org/c616de3ce57804ede2dd519a1c8addf2/expr.h5ad
hubmap,3f3d9117172a7ebda1a57b2d871ce1be,https://assets.hubmapconsortium.org/3f3d9117172a7ebda1a57b2d871ce1be/expr.h5ad
hubmap,044b28971204366347e7ed0b7ef0c279,https://assets.hubmapconsortium.org/044b28971204366347e7ed0b7ef0c279/expr.h5ad
hubmap,11678046b4e78f95762acc47d3074dc5,https://assets.hubmapconsortium.org/11678046b4e78f95762acc47d3074dc5/expr.h5ad
hubmap,22684b9011fc5aea5cb3f89670a461e8,https://assets.hubmapconsortium.org/22684b9011fc5aea5cb3f89670a461e8/expr.h5ad
hubmap,07b9f36478e22bf820ac6a084e01bf94,https://assets.hubmapconsortium.org/07b9f36478e22bf820ac6a084e01bf94/expr.h5ad
hubmap,bba1f664447f3bf1bccb0b6ebf2f61ad,https://assets.hubmapconsortium.org/bba1f664447f3bf1bccb0b6ebf2f61ad/expr.h5ad
hubmap,949827f25f423d54663f09596351795d,https://assets.hubmapconsortium.org/949827f25f423d54663f09596351795d/expr.h5ad
hubmap,56cbda4789f04d79c0c3dffe21816d48,https://assets.hubmapconsortium.org/56cbda4789f04d79c0c3dffe21816d48/expr.h5ad
hubmap,3c1b10bc912c60c9afc36b7423695236,https://assets.hubmapconsortium.org/3c1b10bc912c60c9afc36b7423695236/expr.h5ad
hubmap,d655e506e3e07f345c65c3cc90d045e2,https://assets.hubmapconsortium.org/d655e506e3e07f345c65c3cc90d045e2/expr.h5ad
hubmap,0b7015a55e38bd43b6cd6f58ddeb9059,https://assets.hubmapconsortium.org/0b7015a55e38bd43b6cd6f58ddeb9059/expr.h5ad
hubmap,d48b7990d638dbede870ae9c1976e475,https://assets.hubmapconsortium.org/d48b7990d638dbede870ae9c1976e475/expr.h5ad
hubmap,fbfdd102ecd60d7cf9d3da8c3d83a5c4,https://assets.hubmapconsortium.org/fbfdd102ecd60d7cf9d3da8c3d83a5c4/expr.h5ad
hubmap,ff5d0d740fea8963e91f2e35c0a85596,https://assets.hubmapconsortium.org/ff5d0d740fea8963e91f2e35c0a85596/expr.h5ad
hubmap,8b65acdfecc504e9a96c84643c3ab02c,https://assets.hubmapconsortium.org/8b65acdfecc504e9a96c84643c3ab02c/expr.h5ad
hubmap,f3a05f31c6ea4e2315bc66ff468a5a0a,https://assets.hubmapconsortium.org/f3a05f31c6ea4e2315bc66ff468a5a0a/expr.h5ad
hubmap,92248f72d47b916a2027085ec1b8e996,https://assets.hubmapconsortium.org/92248f72d47b916a2027085ec1b8e996/expr.h5ad
hubmap,62efbe0a6abd0bcf53ab9ab29e7cd73f,https://assets.hubmapconsortium.org/62efbe0a6abd0bcf53ab9ab29e7cd73f/expr.h5ad
hubmap,561a82705c7e21278e4e2dcd14416020,https://assets.hubmapconsortium.org/561a82705c7e21278e4e2dcd14416020/expr.h5ad
hubmap,b1a0bb5adb99161eb40f977358187c6d,https://assets.hubmapconsortium.org/b1a0bb5adb99161eb40f977358187c6d/expr.h5ad
hubmap,0bcea0ab24e8bc5b0529b6f4d899ddad,https://assets.hubmapconsortium.org/0bcea0ab24e8bc5b0529b6f4d899ddad/expr.h5ad
hubmap,ca35382d67c90d4d9bca1ee16526b1d3,https://assets.hubmapconsortium.org/ca35382d67c90d4d9bca1ee16526b1d3/expr.h5ad
hubmap,faa1acc13943ee9d365b6cc6a3ea889f,https://assets.hubmapconsortium.org/faa1acc13943ee9d365b6cc6a3ea889f/expr.h5ad
hubmap,c9dc77f1af928cc38b911333b5c79ce3,https://assets.hubmapconsortium.org/c9dc77f1af928cc38b911333b5c79ce3/expr.h5ad
hubmap,9305d53ae8c0dd565a088cd45f20e0c8,https://assets.hubmapconsortium.org/9305d53ae8c0dd565a088cd45f20e0c8/expr.h5ad
hubmap,a56498f8e577a6caed934c83cbbb0bb3,https://assets.hubmapconsortium.org/a56498f8e577a6caed934c83cbbb0bb3/expr.h5ad
hubmap,2d3dbd5e5a3d9d5cfc7a46f06815a4eb,https://assets.hubmapconsortium.org/2d3dbd5e5a3d9d5cfc7a46f06815a4eb/expr.h5ad
hubmap,266d58d22549461cd454c32084b9f7fe,https://assets.hubmapconsortium.org/266d58d22549461cd454c32084b9f7fe/expr.h5ad
hubmap,6cd657565c709c832300336899a1e1ec,https://assets.hubmapconsortium.org/6cd657565c709c832300336899a1e1ec/expr.h5ad
hubmap,79f087ae551dd72997f174646bb0d5e0,https://assets.hubmapconsortium.org/79f087ae551dd72997f174646bb0d5e0/expr.h5ad
hubmap,5908774e08f8a32737cdfe70e868a944,https://assets.hubmapconsortium.org/5908774e08f8a32737cdfe70e868a944/expr.h5ad
hubmap,846e56ed969922f1cb7a81619b175620,https://assets.hubmapconsortium.org/846e56ed969922f1cb7a81619b175620/expr.h5ad
hubmap,56060793c38c82d8c312e5e05d5d189b,https://assets.hubmapconsortium.org/56060793c38c82d8c312e5e05d5d189b/expr.h5ad
hubmap,a19973065eec1489f4d6a308e73da275,https://assets.hubmapconsortium.org/a19973065eec1489f4d6a308e73da275/expr.h5ad
hubmap,4e372aa4f8cfce62f2663c5ef810409a,https://assets.hubmapconsortium.org/4e372aa4f8cfce62f2663c5ef810409a/expr.h5ad
hubmap,237b8f24c23821690519af862cf25a9f,https://assets.hubmapconsortium.org/237b8f24c23821690519af862cf25a9f/expr.h5ad
hubmap,176edb4b0e16059522f6f087576fbeec,https://assets.hubmapconsortium.org/176edb4b0e16059522f6f087576fbeec/expr.h5ad
hubmap,fb94e862fe33f171de6e07d2d207d0de,https://assets.hubmapconsortium.org/fb94e862fe33f171de6e07d2d207d0de/expr.h5ad
hubmap,0910bfd40695181a73e5059909e46cda,https://assets.hubmapconsortium.org/0910bfd40695181a73e5059909e46cda/expr.h5ad
hubmap,b0c09583b2a1b3c82eddce71706dba4b,https://assets.hubmapconsortium.org/b0c09583b2a1b3c82eddce71706dba4b/expr.h5ad
hubmap,30a94db595b402bd813b020b0c51e233,https://assets.hubmapconsortium.org/30a94db595b402bd813b020b0c51e233/expr.h5ad
hubmap,f0d9d828d7d1e61289d72e52fafafafa,https://assets.hubmapconsortium.org/f0d9d828d7d1e61289d72e52fafafafa/expr.h5ad
hubmap,0a21f3fa27109790483f2a0729be53de,https://assets.hubmapconsortium.org/0a21f3fa27109790483f2a0729be53de/expr.h5ad
hubmap,4c4a3047474bf43ea46ca99157c460e1,https://assets.hubmapconsortium.org/4c4a3047474bf43ea46ca99157c460e1/expr.h5ad
hubmap,6fdfde6f88e34294b3cd58e070ebcba2,https://assets.hubmapconsortium.org/6fdfde6f88e34294b3cd58e070ebcba2/expr.h5ad
hubmap,aa97a7c3e11e210bfa1629ee467bdcf6,https://assets.hubmapconsortium.org/aa97a7c3e11e210bfa1629ee467bdcf6/expr.h5ad
hubmap,6751b407aa567865e4aa0bff3bd80a78,https://assets.hubmapconsortium.org/6751b407aa567865e4aa0bff3bd80a78/expr.h5ad
hubmap,04968c1fe0149ee367b0e53af55763e4,https://assets.hubmapconsortium.org/04968c1fe0149ee367b0e53af55763e4/expr.h5ad
hubmap,7b99b447ffc977a3f6f890d32c7238b3,https://assets.hubmapconsortium.org/7b99b447ffc977a3f6f890d32c7238b3/expr.h5ad
hubmap,5c57b3574a103e4990c8ed54cd82c6e6,https://assets.hubmapconsortium.org/5c57b3574a103e4990c8ed54cd82c6e6/expr.h5ad
hubmap,b1ac71625c1aba9d819fae1725c27a42,https://assets.hubmapconsortium.org/b1ac71625c1aba9d819fae1725c27a42/expr.h5ad
hubmap,2107df00633f703d39e1ec74c271a9e5,https://assets.hubmapconsortium.org/2107df00633f703d39e1ec74c271a9e5/expr.h5ad
hubmap,c6bb00096b0cf40751f9d6003fb730c7,https://assets.hubmapconsortium.org/c6bb00096b0cf40751f9d6003fb730c7/expr.h5ad
hubmap,cae2beaf3926759549dbf4128d6b5ebd,https://assets.hubmapconsortium.org/cae2beaf3926759549dbf4128d6b5ebd/expr.h5ad
hubmap,67c6b239cf0986423273c874dd8c5e66,https://assets.hubmapconsortium.org/67c6b239cf0986423273c874dd8c5e66/expr.h5ad
hubmap,39e55aa4b6953651230feff506c00fec,https://assets.hubmapconsortium.org/39e55aa4b6953651230feff506c00fec/expr.h5ad
hubmap,81d8286998779f11d424210f19276941,https://assets.hubmapconsortium.org/81d8286998779f11d424210f19276941/expr.h5ad
hubmap,061b6c8f8e76f9be125f0f93e7734642,https://assets.hubmapconsortium.org/061b6c8f8e76f9be125f0f93e7734642/expr.h5ad
hubmap,47015df8ab7615a9ce26098d88196dde,https://assets.hubmapconsortium.org/47015df8ab7615a9ce26098d88196dde/expr.h5ad
hubmap,ae24a29456fe677fcb97a4468eba922a,https://assets.hubmapconsortium.org/ae24a29456fe677fcb97a4468eba922a/expr.h5ad
hubmap,bdff59f6f549116da3f6f8e005409a5c,https://assets.hubmapconsortium.org/bdff59f6f549116da3f6f8e005409a5c/expr.h5ad
hubmap,1d91e74d48a309724ede35bdb33b5eb2,https://assets.hubmapconsortium.org/1d91e74d48a309724ede35bdb33b5eb2/expr.h5ad
hubmap,bca0d1d7fcb2bdcde16a31d1484e83e5,https://assets.hubmapconsortium.org/bca0d1d7fcb2bdcde16a31d1484e83e5/expr.h5ad
hubmap,08c1aa2e74700e1170fc9218ae255992,https://assets.hubmapconsortium.org/08c1aa2e74700e1170fc9218ae255992/expr.h5ad
hubmap,391061b538480d6d630bdfec283c0293,https://assets.hubmapconsortium.org/391061b538480d6d630bdfec283c0293/expr.h5ad
hubmap,8d631eee88855ac59155edca2a3bc1ca,https://assets.hubmapconsortium.org/8d631eee88855ac59155edca2a3bc1ca/expr.h5ad
hubmap,a4f451556fc95c931873fd53a2ff315c,https://assets.hubmapconsortium.org/a4f451556fc95c931873fd53a2ff315c/expr.h5ad
hubmap,6c57274e7a40413dc042ec32442a228b,https://assets.hubmapconsortium.org/6c57274e7a40413dc042ec32442a228b/expr.h5ad
hubmap,5e919343564577bb99b140142061fd5f,https://assets.hubmapconsortium.org/5e919343564577bb99b140142061fd5f/expr.h5ad
hubmap,4e9a64e657cca28ad36bd2c62693b6e0,https://assets.hubmapconsortium.org/4e9a64e657cca28ad36bd2c62693b6e0/expr.h5ad
hubmap,d1af36911148fdd7001fd4eebe7222f1,https://assets.hubmapconsortium.org/d1af36911148fdd7001fd4eebe7222f1/expr.h5ad
hubmap,4b5dc6d04aa30a6eb0b224a7ab7d03b3,https://assets.hubmapconsortium.org/4b5dc6d04aa30a6eb0b224a7ab7d03b3/expr.h5ad
hubmap,69e35548d14ef026c46ddbab31f761da,https://assets.hubmapconsortium.org/69e35548d14ef026c46ddbab31f761da/expr.h5ad
hubmap,2e4ae8b2f845f62e77cea46ef074981c,https://assets.hubmapconsortium.org/2e4ae8b2f845f62e77cea46ef074981c/expr.h5ad
hubmap,7017034c816444f6acb469834e53344f,https://assets.hubmapconsortium.org/7017034c816444f6acb469834e53344f/expr.h5ad
hubmap,5d111a1db2f18d507d23e79b993e1e4a,https://assets.hubmapconsortium.org/5d111a1db2f18d507d23e79b993e1e4a/expr.h5ad
hubmap,d363e6062d4962bc7ef44d1d94afec62,https://assets.hubmapconsortium.org/d363e6062d4962bc7ef44d1d94afec62/expr.h5ad
hubmap,41dab04d801d21bfc99328c9e249cc68,https://assets.hubmapconsortium.org/41dab04d801d21bfc99328c9e249cc68/expr.h5ad
hubmap,9bc5d8fc743fd4dd610586ca720976f1,https://assets.hubmapconsortium.org/9bc5d8fc743fd4dd610586ca720976f1/expr.h5ad
hubmap,13d882fbeae970f8fb08a6f0b76bf127,https://assets.hubmapconsortium.org/13d882fbeae970f8fb08a6f0b76bf127/expr.h5ad
hubmap,3de525fe3e5718f297e8d62e037a042d,https://assets.hubmapconsortium.org/3de525fe3e5718f297e8d62e037a042d/expr.h5ad
hubmap,33b9c54d7c295897826e1e5271d4fc24,https://assets.hubmapconsortium.org/33b9c54d7c295897826e1e5271d4fc24/expr.h5ad
sennet,f05caff8a85ce1be82a4e2fef3f567ed,https://assets.api.sennetconsortium.org/f05caff8a85ce1be82a4e2fef3f567ed/expr.h5ad
sennet,939b748d576fe45f5b236f86a068d2e8,https://assets.api.sennetconsortium.org/939b748d576fe45f5b236f86a068d2e8/expr.h5ad
sennet,ae5d324e38aedcda9ab2aba5f1267e6f,https://assets.api.sennetconsortium.org/ae5d324e38aedcda9ab2aba5f1267e6f/expr.h5ad
sennet,6c9e01946c3a2c8fbbb77d0d52631386,https://assets.api.sennetconsortium.org/6c9e01946c3a2c8fbbb77d0d52631386/expr.h5ad
sennet,7c0457b5cbb0c6b068dcd1b013a33716,https://assets.api.sennetconsortium.org/7c0457b5cbb0c6b068dcd1b013a33716/expr.h5ad
sennet,1ffd4842e6a1643f538f42eb7fff5bbc,https://assets.api.sennetconsortium.org/1ffd4842e6a1643f538f42eb7fff5bbc/expr.h5ad
sennet,8b8daa4e2cebc3c7329e664ee9af9819,https://assets.api.sennetconsortium.org/8b8daa4e2cebc3c7329e664ee9af9819/expr.h5ad
sennet,b85a26a7920ad7444b53f3145181402c,https://assets.api.sennetconsortium.org/b85a26a7920ad7444b53f3145181402c/expr.h5ad
sennet,fd80ead9309975aa3ffd4d8456a7706f,https://assets.api.sennetconsortium.org/fd80ead9309975aa3ffd4d8456a7706f/expr.h5ad
sennet,1ac5a9f8b1533e3b08d3042bce58c938,https://assets.api.sennetconsortium.org/1ac5a9f8b1533e3b08d3042bce58c938/expr.h5ad
sennet,2f26357b4ba8bbe545c77ee9f91cafda,https://assets.api.sennetconsortium.org/2f26357b4ba8bbe545c77ee9f91cafda/expr.h5ad
sennet,55b89760a86cf5097aeac1d22e72c406,https://assets.api.sennetconsortium.org/55b89760a86cf5097aeac1d22e72c406/expr.h5ad
sennet,ed39fdf87f0eea4cb20a03b38190ce47,https://assets.api.sennetconsortium.org/ed39fdf87f0eea4cb20a03b38190ce47/expr.h5ad
sennet,2eeab84ac0e040e4c8bd2ddd0709fd6c,https://assets.api.sennetconsortium.org/2eeab84ac0e040e4c8bd2ddd0709fd6c/expr.h5ad
sennet,2cfb87471c9e827ee741dd5bbaa4f5d8,https://assets.api.sennetconsortium.org/2cfb87471c9e827ee741dd5bbaa4f5d8/expr.h5ad
sennet,49a77ec5055a8878f95f3eedaac94136,https://assets.api.sennetconsortium.org/49a77ec5055a8878f95f3eedaac94136/expr.h5ad
sennet,dfcaf1bf0bf4a73bfbd37aa1565a0b70,https://assets.api.sennetconsortium.org/dfcaf1bf0bf4a73bfbd37aa1565a0b70/expr.h5ad
